{
  "dipole_vec_D": [
    0.3014292218230192,
    0.9207053376962904,
    -0.002291841592548076
  ],
  "dipole_D": 0.9687946878307893,
  "energy_hartree": -4042.077599338872,
  "energy_eV": -109990.53479186597,
  "mulliken_block": "   0 Al:   -0.018672\n   1 Zn:    0.149337\n   2 Zn:    0.097220\n   3 Al:   -0.227885\nSum of atomic charges:   -0.0000000",
  "forces": [
    [
      -0.39852605370879457,
      0.6607437342284398,
      -0.0022863746382138688
    ],
    [
      0.11893544983127516,
      -0.2354059246153661,
      0.00313747618302787
    ],
    [
      -0.2776784993038845,
      -0.05380290062066124,
      0.0029208763062955486
    ],
    [
      0.557269104004157,
      -0.37153491675714456,
      -0.0037719791366612274
    ]
  ]
}