{
  "uma": {
    "energy_eV": -3.3536235970710235,
    "traj": "./_mdopt_1/best.traj",
    "xyz": "./_mdopt_1/best.xyz"
  },
  "dft": {
    "dipole_vec_D": [
      -0.04694098199968977,
      0.0461749078577256,
      -0.09926705808992287
    ],
    "dipole_D": 0.11911979990158131,
    "energy_hartree": -2020.997712602404,
    "energy_eV": -54994.14935988226,
    "homo_eV": -3.0525,
    "lumo_eV": -2.7252,
    "gap_eV": 0.32730000000000015,
    "mulliken_block": "   0 Al:    0.005871    0.988190\n   1 Zn:   -0.005871    0.011810\nSum of atomic charges         :   -0.0000000\nSum of atomic spin populations:    1.0000000",
    "forces": [
      [
        0.02213828483664546,
        -0.021569790076543135,
        0.049758310377799715
      ],
      [
        -0.022138301703083466,
        0.021569784780070225,
        -0.04975832313047235
      ]
    ]
  }
}