{
  "dipole_vec_D": [
    1.0695197423693514e-05,
    2.45837361596557e-05,
    -3.267579437249424e-05
  ],
  "dipole_D": 4.226647453210251e-05,
  "energy_hartree": -2020.995943482014,
  "energy_eV": -54994.101219664015,
  "homo_eV": -3.0082,
  "lumo_eV": -2.6833,
  "gap_eV": 0.32489999999999997,
  "mulliken_block": "   0 Al:    0.000000    1.000000\n   1 Zn:    0.000000   -0.000000\nSum of atomic charges         :    0.0000000\nSum of atomic spin populations:    1.0000000",
  "forces": [
    [
      -4.666552588461119e-07,
      -1.077446571746841e-06,
      1.4285050237735525e-06
    ],
    [
      4.4351532865539554e-07,
      1.0286984521450653e-06,
      -1.3677755625396948e-06
    ]
  ]
}