{
  "dipole_vec_D": [
    0.4890678602811917,
    0.29757178338913737,
    -0.7018609714233983
  ],
  "dipole_D": 0.9057290772834949,
  "energy_hartree": -3366.464110908287,
  "energy_eV": -91606.15520518197,
  "homo_eV": -4.2218,
  "lumo_eV": -3.5295,
  "gap_eV": 0.6922999999999999,
  "mulliken_block": "   0 Al:    1.104734    0.261891\n   1 Fe:   -0.912037    0.030163\n   2 Cr:   -0.733300    0.259723\n   3 Ti:    0.540603    0.448223\nSum of atomic charges         :    0.0000000\nSum of atomic spin populations:    1.0000000",
  "forces": [
    [
      520.8522896438329,
      296.04135196830345,
      -1243.6725442232205
    ],
    [
      -709.5430904352393,
      -298.76738864052163,
      1728.40021095373
    ],
    [
      379.1348696858829,
      484.91462520502904,
      1453.2522676933052
    ],
    [
      -190.44406889319114,
      -482.18858853342795,
      -1937.979934426746
    ]
  ]
}