{
  "dipole_vec_D": [
    0.3118629187567237,
    -0.030771980851924674,
    0.06862025152303097
  ],
  "dipole_D": 0.3208023282647713,
  "energy_hartree": -1786.993190303029,
  "energy_eV": -48626.561920286054,
  "mulliken_block": "   0 Ag:   -0.087514\n   1 Cu:    0.087514\nSum of atomic charges:   -0.0000000",
  "forces": [
    [
      1.2297809700905635,
      -0.11937906656424686,
      0.2700921736181552
    ],
    [
      -1.2297809511672426,
      0.1193790764887058,
      -0.27009217181838285
    ]
  ]
}