{
    "Calculation_Info": {
        "Charge": 0,
        "Mult": 1,
        "NumOfAtoms": 2,
        "NumOfAuxCBasisFuncts": 0,
        "NumOfAuxJBasisFuncts": 180,
        "NumOfAuxJKBasisFuncts": 0,
        "NumOfBasisFuncts": 62,
        "NumOfCABSBasisFuncts": 0,
        "NumOfElectrons": 48
    },
    "Calculation_Status": {
        "Status": "NORMAL TERMINATION",
        "progName": "LeanSCF",
        "version": "6.1.0"
    },
    "Calculation_Timings": {
        "GTOINT": 0.814704,
        "PROP": 0.3390380000000004,
        "PROPINT": 0.3199740000000002,
        "RESPONSE": 1.356484,
        "SCF": 9.315093,
        "SCFGRAD": 0.5436589999999999,
        "SUM": 12.688952
    },
    "Geometries": [
        {
            "CHELPG_Population_Analysis": [
                {
                    "ATNO": [
                        [
                            47
                        ],
                        [
                            29
                        ]
                    ],
                    "AtomicCharges": [
                        [
                            -0.05412335209917157
                        ],
                        [
                            0.054123352099171566
                        ]
                    ],
                    "Irrep": 0,
                    "Level": "Relaxed density",
                    "Method": "SCF",
                    "Mult": 1,
                    "NAtoms": 2,
                    "State": -1
                }
            ],
            "DFT_Energy": {
                "eCNL": 0.0,
                "eCorr": -2.1748021664587336,
                "eExchange": -78.86183184674658,
                "eXC": -81.03663401320532,
                "finalEn": -1786.9918751680068,
                "nAlphaEl": 24,
                "nBetaEl": 24,
                "nTotalEl": 48
            },
            "Dipole_Moment": [
                {
                    "Irrep": 0,
                    "Level": "Relaxed density",
                    "Method": "SCF",
                    "Mult": 1,
                    "State": -1,
                    "dipoleElecContrib": [
                        [
                            -55.47180205405195
                        ],
                        [
                            5.449654394440179
                        ],
                        [
                            -12.218746503585061
                        ]
                    ],
                    "dipoleMagnitude": 0.3208023282647713,
                    "dipoleNucContrib": [
                        [
                            55.78366497280867
                        ],
                        [
                            -5.480426375292104
                        ],
                        [
                            12.287366755108092
                        ]
                    ],
                    "dipoleTotal": [
                        [
                            0.3118629187567237
                        ],
                        [
                            -0.030771980851924674
                        ],
                        [
                            0.06862025152303097
                        ]
                    ],
                    "doAtomicDipole": false
                }
            ],
            "Energy": [
                {
                    "Method": "SCF",
                    "Mult": [
                        [
                            1
                        ]
                    ],
                    "totalEnergy": [
                        [
                            -1786.9918751680068
                        ]
                    ]
                }
            ],
            "Geometry": {
                "Coordinates": {
                    "Cartesians": [
                        [
                            "Ag",
                            -0.57468713467,
                            1.632283954523,
                            0.160360985009
                        ],
                        [
                            "Cu",
                            4.40372572346,
                            1.143183334331,
                            1.256946960061
                        ]
                    ],
                    "Type": "Cartesians",
                    "Units": "a.u."
                },
                "NAtoms": 2,
                "NCorelessECP": 0,
                "NGhostAtoms": 0
            },
            "Hirshfeld_Population_Analysis": [
                {
                    "ATNO": [
                        [
                            47
                        ],
                        [
                            29
                        ]
                    ],
                    "AtomicCharges": [
                        [
                            0.01610042118684163
                        ],
                        [
                            -0.016117389029297158
                        ]
                    ],
                    "DENSA": 24.000008483921235,
                    "DENSB": 24.000008483921235,
                    "Irrep": 0,
                    "Level": "Relaxed density",
                    "Method": "SCF",
                    "Mult": 1,
                    "NAtoms": 2,
                    "Spin": [
                        [
                            0.0
                        ],
                        [
                            0.0
                        ]
                    ],
                    "State": -1
                }
            ],
            "Loewdin_Population_Analysis": [
                {
                    "ATNO": [
                        [
                            47
                        ],
                        [
                            29
                        ]
                    ],
                    "AtomicCharges": [
                        [
                            0.00023601671263409876
                        ],
                        [
                            0.9997639832873614
                        ]
                    ],
                    "Irrep": 0,
                    "Level": "Relaxed density",
                    "Method": "SCF",
                    "Mult": 1,
                    "NAtoms": 2,
                    "State": -1
                }
            ],
            "MBIS_Population_Analysis": [
                {
                    "ATNO": [
                        [
                            47
                        ],
                        [
                            29
                        ]
                    ],
                    "AtomicCharges": [
                        [
                            -0.012377450776035914
                        ],
                        [
                            0.01236048293355907
                        ]
                    ],
                    "DENSA": 24.000008483921235,
                    "DENSB": 24.000008483921235,
                    "Irrep": 0,
                    "LargePrint": false,
                    "Level": "Relaxed density",
                    "Method": "SCF",
                    "Mult": 1,
                    "NAtoms": 2,
                    "NPOPVAL": [
                        [
                            3.7968804636764117
                        ],
                        [
                            2.370015809589912
                        ]
                    ],
                    "Niter": 81,
                    "SIGMAVAL": [
                        [
                            0.4432231371191736
                        ],
                        [
                            0.7653404858019343
                        ]
                    ],