{
    "Calculation_Info": {
        "Charge": 0,
        "Mult": 2,
        "NumOfAtoms": 2,
        "NumOfAuxCBasisFuncts": 0,
        "NumOfAuxJBasisFuncts": 140,
        "NumOfAuxJKBasisFuncts": 0,
        "NumOfBasisFuncts": 49,
        "NumOfCABSBasisFuncts": 0,
        "NumOfElectrons": 43
    },
    "Calculation_Status": {
        "Status": "NORMAL TERMINATION",
        "progName": "LeanSCF",
        "version": "6.1.0"
    },
    "Calculation_Timings": {
        "GTOINT": 0.490391,
        "PROP": 0.3130290000000002,
        "PROPINT": 0.29316300000000073,
        "RESPONSE": 1.4683700000000002,
        "SCF": 7.168119,
        "SCFGRAD": 0.4092020000000005,
        "SUM": 10.142274
    },
    "Geometries": [
        {
            "CHELPG_Population_Analysis": [
                {
                    "ATNO": [
                        [
                            13
                        ],
                        [
                            30
                        ]
                    ],
                    "AtomicCharges": [
                        [
                            0.01309083263263681
                        ],
                        [
                            -0.013090832632636808
                        ]
                    ],
                    "Irrep": 0,
                    "Level": "Relaxed density",
                    "Method": "SCF",
                    "Mult": 2,
                    "NAtoms": 2,
                    "State": -1
                }
            ],
            "DFT_Energy": {
                "eCNL": 0.0,
                "eCorr": -1.8527013336503453,
                "eExchange": -87.38786366144328,
                "eXC": -89.24056499509362,
                "finalEn": -2020.995943429185,
                "nAlphaEl": 22,
                "nBetaEl": 21,
                "nTotalEl": 43
            },
            "Dipole_Moment": [
                {
                    "Irrep": 0,
                    "Level": "Relaxed density",
                    "Method": "SCF",
                    "Mult": 2,
                    "State": -1,
                    "dipoleElecContrib": [
                        [
                            5.021134182357506
                        ],
                        [
                            11.541944948736596
                        ],
                        [
                            -15.341121544230461
                        ]
                    ],
                    "dipoleMagnitude": 4.226647453210251e-05,
                    "dipoleNucContrib": [
                        [
                            -5.021123487160082
                        ],
                        [
                            -11.541920365000436
                        ],
                        [
                            15.341088868436088
                        ]
                    ],
                    "dipoleTotal": [
                        [
                            1.0695197423693514e-05
                        ],
                        [
                            2.45837361596557e-05
                        ],
                        [
                            -3.267579437249424e-05
                        ]
                    ],
                    "doAtomicDipole": false
                }
            ],
            "Energy": [
                {
                    "Method": "SCF",
                    "Mult": [
                        [
                            2
                        ]
                    ],
                    "totalEnergy": [
                        [
                            -2020.995943429185
                        ]
                    ]
                }
            ],
            "Geometry": {
                "Coordinates": {
                    "Cartesians": [
                        [
                            "Al",
                            -7.762906221234,
                            -18.276908217862,
                            25.506183916744
                        ],
                        [
                            "Zn",
                            3.693640407251,
                            8.057944765147,
                            -9.497117715333
                        ]
                    ],
                    "Type": "Cartesians",
                    "Units": "a.u."
                },
                "NAtoms": 2,
                "NCorelessECP": 0,
                "NGhostAtoms": 0
            },
            "Hirshfeld_Population_Analysis": [
                {
                    "ATNO": [
                        [
                            13
                        ],
                        [
                            30
                        ]
                    ],
                    "AtomicCharges": [
                        [
                            2.759314272182678e-06
                        ],
                        [
                            1.4794701961307055e-06
                        ]
                    ],
                    "DENSA": 21.999997140228093,
                    "DENSB": 20.999998620987427,
                    "Irrep": 0,
                    "Level": "Relaxed density",
                    "Method": "SCF",
                    "Mult": 2,
                    "NAtoms": 2,
                    "Spin": [
                        [
                            0.9999985192406928
                        ],
                        [
                            0.0
                        ]
                    ],
                    "State": -1
                }
            ],
            "Loewdin_Population_Analysis": [
                {
                    "ATNO": [
                        [
                            13
                        ],
                        [
                            30
                        ]
                    ],
                    "AtomicCharges": [
                        [
                            0.0
                        ],
                        [
                            1.0000000000000002
                        ]
                    ],
                    "Irrep": 0,
                    "Level": "Relaxed density",
                    "Method": "SCF",
                    "Mult": 2,
                    "NAtoms": 2,
                    "State": -1
                }
            ],
            "MBIS_Population_Analysis": [
                {
                    "ATNO": [
                        [
                            13
                        ],
                        [
                            30
                        ]
                    ],
                    "AtomicCharges": [
                        [
                            2.759314273959035e-06
                        ],
                        [
                            1.4794702067888466e-06
                        ]
                    ],
                    "DENSA": 21.999997140228093,
                    "DENSB": 20.999998620987427,
                    "Irrep": 0,
                    "LargePrint": false,
                    "Level": "Relaxed density",
                    "Method": "SCF",
                    "Mult": 2,
                    "NAtoms": 2,
                    "NPOPVAL": [
                        [
                            4.370448889510029
                        ],
                        [
                            4.803501889561749
                        ]
                    ],
                    "Niter": 2,
                    "SIGMAVAL": [
                        [
                            0.739560835659228
                        ],
                        [
                            0.6237443232677174
                        ]
                    ],