{
  "loop": [
    0,
    1,
    2
  ],
  "energy_eV": [
    -34.147599505636975,
    -36.643561946604535,
    -36.69682638571052
  ],
  "volume_A3": [
    100.46453950467138,
    100.46453950467138,
    100.46453950467138
  ],
  "rmsd_A": [
    0.3657334315986711,
    0.6892024341348114
  ]
}