loop,energy_eV,volume_A3,rmsd_A
0,-34.147599505636975,100.46453950467138,0.3657334315986711
1,-36.643561946604535,100.46453950467138,0.6892024341348114
2,-36.69682638571052,100.46453950467138,
