{
    "Calculation_Info": {
        "Charge": 0,
        "Mult": 2,
        "NumOfAtoms": 2,
        "NumOfAuxCBasisFuncts": 0,
        "NumOfAuxJBasisFuncts": 140,
        "NumOfAuxJKBasisFuncts": 0,
        "NumOfBasisFuncts": 49,
        "NumOfCABSBasisFuncts": 0,
        "NumOfElectrons": 43
    },
    "Calculation_Status": {
        "Status": "NORMAL TERMINATION",
        "progName": "LeanSCF",
        "version": "6.1.0"
    },
    "Calculation_Timings": {
        "GTOINT": 1.742897,
        "PROP": 0.5164039999999996,
        "PROPINT": 0.504168,
        "RESPONSE": 1.7122700000000002,
        "SCF": 3.202135,
        "SCFGRAD": 0.8339410000000003,
        "SUM": 8.511815
    },
    "Geometries": [
        {
            "CHELPG_Population_Analysis": [
                {
                    "ATNO": [
                        [
                            13
                        ],
                        [
                            30
                        ]
                    ],
                    "AtomicCharges": [
                        [
                            0.05289051388934392
                        ],
                        [
                            -0.05289051388934392
                        ]
                    ],
                    "Irrep": 0,
                    "Level": "Relaxed density",
                    "Method": "SCF",
                    "Mult": 2,
                    "NAtoms": 2,
                    "State": -1
                }
            ],
            "DFT_Energy": {
                "eCNL": 0.0,
                "eCorr": -1.8533291171975361,
                "eExchange": -87.38649563378104,
                "eXC": -89.23982475097857,
                "finalEn": -2020.9969762446058,
                "nAlphaEl": 22,
                "nBetaEl": 21,
                "nTotalEl": 43
            },
            "Dipole_Moment": [
                {
                    "Irrep": 0,
                    "Level": "Relaxed density",
                    "Method": "SCF",
                    "Mult": 2,
                    "State": -1,
                    "dipoleElecContrib": [
                        [
                            1.6230538185979952
                        ],
                        [
                            -1.5971587041307913
                        ],
                        [
                            3.4293615196035163
                        ]
                    ],
                    "dipoleMagnitude": 0.11911979990158131,
                    "dipoleNucContrib": [
                        [
                            -1.669994800597685
                        ],
                        [
                            1.643333611988517
                        ],
                        [
                            -3.528628577693439
                        ]
                    ],
                    "dipoleTotal": [
                        [
                            -0.04694098199968977
                        ],
                        [
                            0.0461749078577256
                        ],
                        [
                            -0.09926705808992287
                        ]
                    ],
                    "doAtomicDipole": false
                }
            ],
            "Energy": [
                {
                    "Method": "SCF",
                    "Mult": [
                        [
                            2
                        ]
                    ],
                    "totalEnergy": [
                        [
                            -2020.9969762446058
                        ]
                    ]
                }
            ],
            "Geometry": {
                "Coordinates": {
                    "Cartesians": [
                        [
                            "Al",
                            -0.210915508868,
                            5.373790304082,
                            -3.176299696195
                        ],
                        [
                            "Zn",
                            3.599461461803,
                            1.62424536657,
                            4.874866131199
                        ]
                    ],
                    "Type": "Cartesians",
                    "Units": "a.u."
                },
                "NAtoms": 2,
                "NCorelessECP": 0,
                "NGhostAtoms": 0
            },
            "Hirshfeld_Population_Analysis": [
                {
                    "ATNO": [
                        [
                            13
                        ],
                        [
                            30
                        ]
                    ],
                    "AtomicCharges": [
                        [
                            0.026403432032749308
                        ],
                        [
                            -0.026404229497341447
                        ]
                    ],
                    "DENSA": 22.000000931083342,
                    "DENSB": 20.999999866381238,
                    "Irrep": 0,
                    "Level": "Relaxed density",
                    "Method": "SCF",
                    "Mult": 2,
                    "NAtoms": 2,
                    "Spin": [
                        [
                            0.9615071098143364
                        ],
                        [
                            0.03849395488776963
                        ]
                    ],
                    "State": -1
                }
            ],
            "Loewdin_Population_Analysis": [
                {
                    "ATNO": [
                        [
                            13
                        ],
                        [
                            30
                        ]
                    ],
                    "AtomicCharges": [
                        [
                            6.911053917948578e-08
                        ],
                        [
                            0.9999999308894654
                        ]
                    ],
                    "Irrep": 0,
                    "Level": "Relaxed density",
                    "Method": "SCF",
                    "Mult": 2,
                    "NAtoms": 2,
                    "State": -1
                }
            ],
            "MBIS_Population_Analysis": [
                {
                    "ATNO": [
                        [
                            13
                        ],
                        [
                            30
                        ]
                    ],
                    "AtomicCharges": [
                        [
                            0.020071717257836852
                        ],
                        [
                            -0.020072514722436097
                        ]
                    ],
                    "DENSA": 22.000000931083342,
                    "DENSB": 20.999999866381238,
                    "Irrep": 0,
                    "LargePrint": false,
                    "Level": "Relaxed density",
                    "Method": "SCF",
                    "Mult": 2,
                    "NAtoms": 2,
                    "NPOPVAL": [
                        [
                            3.584806677726288
                        ],
                        [
                            3.302434476904095
                        ]
                    ],
                    "Niter": 65,
                    "SIGMAVAL": [
                        [
                            0.8280070012664532
                        ],
                        [
                            0.7308496041933578
                        ]
                    ],